FPR	TPR	Threshold
0.642429	0.900046	0.132222
