ROC AUC	PR AUC	SampleNum
0.7692718894006274	0.6151964013555431	1000000
