FPR	TPR	Threshold
0.659879	0.900032	0.297350
