ROC AUC	PR AUC	SampleNum
0.7625594181219539	0.6009690287884691	1000000
